timestamp,batch_id,status,user_token,total_requests,completed_requests,failed_requests,created_at,completed_at,input_file_id,output_file_id,remaining_balance,completion_window,endpoint,metadata,time_since_last_log,completed_increment,failed_increment,time_per_request,processing_rate,overall_processing_rate,estimated_remaining_time,total_elapsed_time
2024-07-17T15:04:23.462634,batch_fNmTPAAV5jcDkAFAtsXG2Ztr,in_progress,02CW44Quvi5-Yj0jHaBdqw,4,0,0,2024-07-17T15:04:17,,file-77cVanEOaVniVSYH5OecIdb6,,96,24h,/v1/chat/completions,"{""user_token"": ""02CW44Quvi5-Yj0jHaBdqw""}",0.0,0,0,0,0,0.0,0,6.462634086608887
2024-07-17T15:04:38.679019,batch_fNmTPAAV5jcDkAFAtsXG2Ztr,completed,02CW44Quvi5-Yj0jHaBdqw,4,4,0,2024-07-17T15:04:17,2024-07-17T15:04:37,file-77cVanEOaVniVSYH5OecIdb6,file-rl9KFxtVjADels57bclWoOee,96,24h,/v1/chat/completions,"{""user_token"": ""02CW44Quvi5-Yj0jHaBdqw""}",15.216384887695312,4,0,3.804096221923828,0.2628745283141851,0.1845101941532104,0.0,21.6790189743042
2024-07-17T15:06:32.138985,batch_2ITpNF3g0YEOgwTwBSo1xv8s,in_progress,lfTyZMaZCC0GMv4FeS9yyA,75,73,0,2024-07-17T15:05:39,,file-f2R298n5Xrbt78QHicIxrr0h,,8,24h,/v1/chat/completions,"{""user_token"": ""lfTyZMaZCC0GMv4FeS9yyA""}",0.0,73,0,0.0,0,1.373756011934204,1.4558626005094344,53.13898491859436
2024-07-17T15:06:47.327979,batch_2ITpNF3g0YEOgwTwBSo1xv8s,completed,lfTyZMaZCC0GMv4FeS9yyA,75,75,0,2024-07-17T15:05:39,2024-07-17T15:06:45,file-f2R298n5Xrbt78QHicIxrr0h,file-a8Hd1Dwl8n25BmzMwVaYcaqM,8,24h,/v1/chat/completions,"{""user_token"": ""lfTyZMaZCC0GMv4FeS9yyA""}",15.18899416923523,2,0,7.594497084617615,0.13167428848257307,1.0976469815329108,0.0,68.32797908782959
2024-07-17T15:06:48.625933,batch_FBiZeZpKlKGNiwrdJqgR36eh,completed,lfTyZMaZCC0GMv4FeS9yyA,17,17,0,2024-07-17T15:05:44,2024-07-17T15:06:38,file-T8uvoORbqC8l0ggOmc5xBzgj,file-0HownOxq4frtgKGYijtYuqwS,8,24h,/v1/chat/completions,"{""user_token"": ""lfTyZMaZCC0GMv4FeS9yyA""}",0.0,17,0,0.0,0,0.26305229442795514,0.0,64.6259331703186
2024-07-18T18:49:04.202808,batch_kscw1qB5vXbbPdzeazOIhr3m,in_progress,l85VZPC1_djU4kv4GWGZUA,4,0,0,2024-07-18T18:49:00,,file-cpOs3XiJt19ytE4qy21uf9gY,,96,24h,/v1/chat/completions,"{""user_token"": ""l85VZPC1_djU4kv4GWGZUA""}",0.0,0,0,0,0,0.0,0,4.202808141708374
2024-07-18T18:49:19.497254,batch_kscw1qB5vXbbPdzeazOIhr3m,in_progress,l85VZPC1_djU4kv4GWGZUA,4,1,0,2024-07-18T18:49:00,,file-cpOs3XiJt19ytE4qy21uf9gY,,96,24h,/v1/chat/completions,"{""user_token"": ""l85VZPC1_djU4kv4GWGZUA""}",15.294445753097534,1,0,15.294445753097534,0.06538321271285515,0.051289274140621476,58.491761684417725,19.497253894805908
2024-07-18T18:49:34.743076,batch_kscw1qB5vXbbPdzeazOIhr3m,completed,l85VZPC1_djU4kv4GWGZUA,4,4,0,2024-07-18T18:49:00,2024-07-18T18:49:28,file-cpOs3XiJt19ytE4qy21uf9gY,file-GUEJNRiYFXn8GUxXi3wiE9Qb,96,24h,/v1/chat/completions,"{""user_token"": ""l85VZPC1_djU4kv4GWGZUA""}",15.245822191238403,3,0,5.081940730412801,0.19677521896615488,0.11513085341360232,0.0,34.74307608604431
2024-07-18T18:52:30.762956,batch_vW0midu4jKcirmmdUvswPQnc,in_progress,jQMjk7BELkkrqI5Yhd08dQ,4,0,0,2024-07-18T18:52:27,,file-3eI6rRr84XC7NXjBLxsXjaYY,,96,24h,/v1/chat/completions,"{""user_token"": ""jQMjk7BELkkrqI5Yhd08dQ""}",0.0,0,0,0,0,0.0,0,3.762956142425537
2024-07-18T18:52:45.994267,batch_vW0midu4jKcirmmdUvswPQnc,completed,jQMjk7BELkkrqI5Yhd08dQ,4,4,0,2024-07-18T18:52:27,2024-07-18T18:52:43,file-3eI6rRr84XC7NXjBLxsXjaYY,file-BnJf9vTuvT36aquz4N3WTqWX,96,24h,/v1/chat/completions,"{""user_token"": ""jQMjk7BELkkrqI5Yhd08dQ""}",15.231310844421387,4,0,3.8078277111053467,0.26261692383916113,0.21058985865418783,0.0,18.994266986846924
2024-07-18T19:00:47.852556,batch_fVpg2MMqRl58l0bHgK3e6r7z,in_progress,430NnliHxPReR8R4Iv1VrQ,17,16,0,2024-07-18T19:00:08,,file-8uAMkGOym3ZSWKNkaT5SLVY5,,8,24h,/v1/chat/completions,"{""user_token"": ""430NnliHxPReR8R4Iv1VrQ""}",0.0,16,0,0.0,0,0.40147989513964494,2.4907847493886948,39.852555990219116
2024-07-18T19:00:47.901445,batch_CzsxJwE4wKJqMYiSZ6hvqYl3,completed,430NnliHxPReR8R4Iv1VrQ,75,75,0,2024-07-18T18:59:59,2024-07-18T19:00:24,file-tUtWfs0TYH3qHqPXWcOZdiWy,file-e5ALXCxfvoBKk529rUAHHbNM,8,24h,/v1/chat/completions,"{""user_token"": ""430NnliHxPReR8R4Iv1VrQ""}",0.0,75,0,0.0,0,1.5336970056686412,0.0,48.901445150375366
2024-07-18T19:01:03.199886,batch_fVpg2MMqRl58l0bHgK3e6r7z,in_progress,430NnliHxPReR8R4Iv1VrQ,17,16,0,2024-07-18T19:00:08,,file-8uAMkGOym3ZSWKNkaT5SLVY5,,8,24h,/v1/chat/completions,"{""user_token"": ""430NnliHxPReR8R4Iv1VrQ""}",15.347330093383789,0,0,0,0,0.28985567063974055,3.449992880225181,55.199886083602905
2024-07-18T19:01:18.563411,batch_fVpg2MMqRl58l0bHgK3e6r7z,in_progress,430NnliHxPReR8R4Iv1VrQ,17,16,0,2024-07-18T19:00:08,,file-8uAMkGOym3ZSWKNkaT5SLVY5,,8,24h,/v1/chat/completions,"{""user_token"": ""430NnliHxPReR8R4Iv1VrQ""}",15.363524913787842,0,0,0,0,0.22674640828504788,4.410213187336922,70.56341099739075
2024-07-18T19:01:33.800412,batch_fVpg2MMqRl58l0bHgK3e6r7z,in_progress,430NnliHxPReR8R4Iv1VrQ,17,16,0,2024-07-18T19:00:08,,file-8uAMkGOym3ZSWKNkaT5SLVY5,,8,24h,/v1/chat/completions,"{""user_token"": ""430NnliHxPReR8R4Iv1VrQ""}",15.237000942230225,0,0,0,0,0.18647929116307085,5.362525746226311,85.80041193962097
2024-07-18T19:01:48.965531,batch_fVpg2MMqRl58l0bHgK3e6r7z,in_progress,430NnliHxPReR8R4Iv1VrQ,17,16,0,2024-07-18T19:00:08,,file-8uAMkGOym3ZSWKNkaT5SLVY5,,8,24h,/v1/chat/completions,"{""user_token"": ""430NnliHxPReR8R4Iv1VrQ""}",15.165118932723999,0,0,0,0,0.1584699239607771,6.31034567952156,100.96553087234497
2024-07-18T19:02:04.184547,batch_fVpg2MMqRl58l0bHgK3e6r7z,in_progress,430NnliHxPReR8R4Iv1VrQ,17,16,0,2024-07-18T19:00:08,,file-8uAMkGOym3ZSWKNkaT5SLVY5,,8,24h,/v1/chat/completions,"{""user_token"": ""430NnliHxPReR8R4Iv1VrQ""}",15.219016313552856,0,0,0,0,0.1377119452417338,7.261534199118615,116.18454718589783
2024-07-18T19:02:19.420399,batch_fVpg2MMqRl58l0bHgK3e6r7z,in_progress,430NnliHxPReR8R4Iv1VrQ,17,16,0,2024-07-18T19:00:08,,file-8uAMkGOym3ZSWKNkaT5SLVY5,,8,24h,/v1/chat/completions,"{""user_token"": ""430NnliHxPReR8R4Iv1VrQ""}",15.235852003097534,0,0,0,0,0.12174670065482329,8.21377494931221,131.42039918899536
2024-07-18T19:02:34.700942,batch_fVpg2MMqRl58l0bHgK3e6r7z,in_progress,430NnliHxPReR8R4Iv1VrQ,17,16,0,2024-07-18T19:00:08,,file-8uAMkGOym3ZSWKNkaT5SLVY5,,8,24h,/v1/chat/completions,"{""user_token"": ""430NnliHxPReR8R4Iv1VrQ""}",15.280542850494385,0,0,0,0,0.10906542096841501,9.16880887746811,146.70094203948975
2024-07-18T19:02:49.881163,batch_fVpg2MMqRl58l0bHgK3e6r7z,in_progress,430NnliHxPReR8R4Iv1VrQ,17,16,0,2024-07-18T19:00:08,,file-8uAMkGOym3ZSWKNkaT5SLVY5,,8,24h,/v1/chat/completions,"{""user_token"": ""430NnliHxPReR8R4Iv1VrQ""}",15.18022108078003,0,0,0,0,0.09883793575236906,10.117572695016861,161.88116312026978
2024-07-18T19:03:05.088548,batch_fVpg2MMqRl58l0bHgK3e6r7z,in_progress,430NnliHxPReR8R4Iv1VrQ,17,16,0,2024-07-18T19:00:08,,file-8uAMkGOym3ZSWKNkaT5SLVY5,,8,24h,/v1/chat/completions,"{""user_token"": ""430NnliHxPReR8R4Iv1VrQ""}",15.207385063171387,0,0,0,0,0.09035028049033436,11.068034261465073,177.08854818344116
2024-07-18T19:39:04.462878,batch_fVpg2MMqRl58l0bHgK3e6r7z,completed,430NnliHxPReR8R4Iv1VrQ,17,17,0,2024-07-18T19:00:08,2024-07-18T19:15:44,file-8uAMkGOym3ZSWKNkaT5SLVY5,file-hMa5LkH4UKHGa2lkpAKNrC9H,8,24h,/v1/chat/completions,"{""user_token"": ""430NnliHxPReR8R4Iv1VrQ""}",2159.374329805374,1,0,2159.374329805374,0.00046309710465537057,0.007275955530966232,0.0,2336.4628779888153
2024-07-18T20:03:47.282285,batch_BRQ9LyY1tSCy0Ehb8PuqR7Sl,in_progress,mH9NGHO4z-MAj3K-qLcziA,75,74,0,2024-07-18T20:03:08,,file-Ljpqyw1c8UtSQfKqwZBLUWPt,,8,24h,/v1/chat/completions,"{""user_token"": ""mH9NGHO4z-MAj3K-qLcziA""}",0.0,74,0,0.0,0,1.8838008035173435,0.5308416888520524,39.28228497505188
2024-07-18T20:03:47.414817,batch_eNGTta64nHivSyEbX5gyQOjH,completed,mH9NGHO4z-MAj3K-qLcziA,17,17,0,2024-07-18T20:03:12,2024-07-18T20:03:32,file-hrgCcRyrSgHXiYDfMB2sxW2I,file-ekfV1f1hhFyBtne3Z1pM6SzP,8,24h,/v1/chat/completions,"{""user_token"": ""mH9NGHO4z-MAj3K-qLcziA""}",0.0,17,0,0.0,0,0.48002506844782655,0.0,35.414817094802856
2024-07-18T20:04:02.593108,batch_BRQ9LyY1tSCy0Ehb8PuqR7Sl,in_progress,mH9NGHO4z-MAj3K-qLcziA,75,74,0,2024-07-18T20:03:08,,file-Ljpqyw1c8UtSQfKqwZBLUWPt,,8,24h,/v1/chat/completions,"{""user_token"": ""mH9NGHO4z-MAj3K-qLcziA""}",15.3108229637146,0,0,0,0,1.3554824554594138,0.7377447018752227,54.59310793876648
2024-07-18T20:04:17.772141,batch_BRQ9LyY1tSCy0Ehb8PuqR7Sl,in_progress,mH9NGHO4z-MAj3K-qLcziA,75,74,0,2024-07-18T20:03:08,,file-Ljpqyw1c8UtSQfKqwZBLUWPt,,8,24h,/v1/chat/completions,"{""user_token"": ""mH9NGHO4z-MAj3K-qLcziA""}",15.179033041000366,0,0,0,0,1.0605952312895084,0.9428667699968493,69.77214097976685
2024-07-18T20:04:32.918979,batch_BRQ9LyY1tSCy0Ehb8PuqR7Sl,completed,mH9NGHO4z-MAj3K-qLcziA,75,75,0,2024-07-18T20:03:08,2024-07-18T20:04:31,file-Ljpqyw1c8UtSQfKqwZBLUWPt,file-zjL4iPObumQHgCNw9741mHM9,8,24h,/v1/chat/completions,"{""user_token"": ""mH9NGHO4z-MAj3K-qLcziA""}",15.146838188171387,1,0,15.146838188171387,0.06602037914295074,0.8831947903151053,0.0,84.91897916793823
2024-07-18T20:54:33.280046,batch_hjzgCaVx81Mr60JhXvUIxnLS,finalizing,vQbtfY7PQDqIuRGR83-v3w,75,75,0,2024-07-18T20:53:47,,file-ixrjxwDEh9Y1Fx4usdZRFRgC,,8,24h,/v1/chat/completions,"{""user_token"": ""vQbtfY7PQDqIuRGR83-v3w""}",0.0,75,0,0.0,0,1.6205688305150667,0.0,46.28004598617554
2024-07-18T20:54:33.343741,batch_xLVEJ5pmZXyDmUVkyAtxhw8E,completed,vQbtfY7PQDqIuRGR83-v3w,17,17,0,2024-07-18T20:53:52,2024-07-18T20:54:30,file-y5LWiAbUXRrbqafWdWC1YfSn,file-u8eFKcnYrlLGtRyN6kR6Fj4E,8,24h,/v1/chat/completions,"{""user_token"": ""vQbtfY7PQDqIuRGR83-v3w""}",0.0,17,0,0.0,0,0.4111867870068303,0.0,41.343740940093994
2024-07-18T20:54:48.447487,batch_hjzgCaVx81Mr60JhXvUIxnLS,completed,vQbtfY7PQDqIuRGR83-v3w,75,75,0,2024-07-18T20:53:47,2024-07-18T20:54:36,file-ixrjxwDEh9Y1Fx4usdZRFRgC,file-TYI8Gk2GuV8JcntxHeV8NcyS,8,24h,/v1/chat/completions,"{""user_token"": ""vQbtfY7PQDqIuRGR83-v3w""}",15.16744089126587,0,0,0,0,1.2205543922339643,0.0,61.447486877441406
2024-07-18T22:10:29.474833,batch_21LVBMNkswMAq3p4C9mM3EBo,validating,fXZynu9FbjVZgpAC4WZqGQ,0,0,0,2024-07-18T22:10:27,,file-PWYD3QYR5ZmlBNsTBIiAFT6d,,96,24h,/v1/chat/completions,"{""user_token"": ""fXZynu9FbjVZgpAC4WZqGQ""}",0.0,0,0,0,0,0.0,0,2.4748330116271973
2024-07-18T22:10:44.678924,batch_21LVBMNkswMAq3p4C9mM3EBo,validating,fXZynu9FbjVZgpAC4WZqGQ,0,0,0,2024-07-18T22:10:27,,file-PWYD3QYR5ZmlBNsTBIiAFT6d,,96,24h,/v1/chat/completions,"{""user_token"": ""fXZynu9FbjVZgpAC4WZqGQ""}",15.20409107208252,0,0,0,0,0.0,0,17.678924083709717
2024-07-18T22:10:59.879683,batch_21LVBMNkswMAq3p4C9mM3EBo,validating,fXZynu9FbjVZgpAC4WZqGQ,0,0,0,2024-07-18T22:10:27,,file-PWYD3QYR5ZmlBNsTBIiAFT6d,,96,24h,/v1/chat/completions,"{""user_token"": ""fXZynu9FbjVZgpAC4WZqGQ""}",15.200758934020996,0,0,0,0,0.0,0,32.87968301773071
2024-07-18T22:11:15.114392,batch_21LVBMNkswMAq3p4C9mM3EBo,validating,fXZynu9FbjVZgpAC4WZqGQ,0,0,0,2024-07-18T22:10:27,,file-PWYD3QYR5ZmlBNsTBIiAFT6d,,96,24h,/v1/chat/completions,"{""user_token"": ""fXZynu9FbjVZgpAC4WZqGQ""}",15.234709024429321,0,0,0,0,0.0,0,48.114392042160034
2024-07-18T22:11:30.305964,batch_21LVBMNkswMAq3p4C9mM3EBo,in_progress,fXZynu9FbjVZgpAC4WZqGQ,4,0,0,2024-07-18T22:10:27,,file-PWYD3QYR5ZmlBNsTBIiAFT6d,,96,24h,/v1/chat/completions,"{""user_token"": ""fXZynu9FbjVZgpAC4WZqGQ""}",15.191571950912476,0,0,0,0,0.0,0,63.30596399307251
2024-07-18T22:11:45.453560,batch_21LVBMNkswMAq3p4C9mM3EBo,completed,fXZynu9FbjVZgpAC4WZqGQ,4,4,0,2024-07-18T22:10:27,2024-07-18T22:11:40,file-PWYD3QYR5ZmlBNsTBIiAFT6d,file-OvUxA8fVuSZbo9Np4UV9sXbD,96,24h,/v1/chat/completions,"{""user_token"": ""fXZynu9FbjVZgpAC4WZqGQ""}",15.14759612083435,4,0,3.7868990302085876,0.2640683028575279,0.05098557661618406,0.0,78.45356011390686
2024-07-19T10:21:45.476728,batch_CfNoy5BTnobfTeCrc693X3vN,validating,1SCuTR1vPVRMvX6T9YdzJw,0,0,0,2024-07-19T10:21:45,,file-1MQRKy6k4pOFlEQp7eQ6j80I,,96,24h,/v1/chat/completions,"{""user_token"": ""1SCuTR1vPVRMvX6T9YdzJw""}",0.0,0,0,0,0,0.0,0,0.4767279624938965
2024-07-19T10:22:00.786422,batch_CfNoy5BTnobfTeCrc693X3vN,completed,1SCuTR1vPVRMvX6T9YdzJw,4,4,0,2024-07-19T10:21:45,2024-07-19T10:21:54,file-1MQRKy6k4pOFlEQp7eQ6j80I,file-q2w8ttfPsqOJnSFQXMDUaERe,96,24h,/v1/chat/completions,"{""user_token"": ""1SCuTR1vPVRMvX6T9YdzJw""}",15.309694051742554,4,0,3.8274235129356384,0.2612723668076645,0.2533823051475968,0.0,15.78642201423645
2024-07-19T10:25:54.712490,batch_cOULS2cXNkOYGmknMPU6FpZQ,validating,0S-ULOWo8nUMt9Va4n38Hg,0,0,0,2024-07-19T10:25:54,,file-OBKCQGI0w7V8hnDH4KNdNBC6,,96,24h,/v1/chat/completions,"{""user_token"": ""0S-ULOWo8nUMt9Va4n38Hg""}",0.0,0,0,0,0,0.0,0,0.7124900817871094
2024-07-19T10:26:09.967509,batch_cOULS2cXNkOYGmknMPU6FpZQ,completed,0S-ULOWo8nUMt9Va4n38Hg,4,4,0,2024-07-19T10:25:54,2024-07-19T10:26:06,file-OBKCQGI0w7V8hnDH4KNdNBC6,file-K3UGRx1iwfIgorqbi7K0DGtz,96,24h,/v1/chat/completions,"{""user_token"": ""0S-ULOWo8nUMt9Va4n38Hg""}",15.255018949508667,4,0,3.8137547373771667,0.262208786055217,0.25050870440468426,0.0,15.967509031295776
2024-07-22T06:13:40.204989,batch_BBd30vHG5OewPp8t5NMVCZpa,validating,x9z0oeGLYu36GQqAjte8kg,0,0,0,2024-07-22T06:13:39,,file-I4fg0WRX4mZnI6yJhOuLXrzN,,96,24h,/v1/chat/completions,"{""user_token"": ""x9z0oeGLYu36GQqAjte8kg""}",0.0,0,0,0,0,0.0,0,1.204988956451416
2024-07-22T06:15:01.558388,batch_BBd30vHG5OewPp8t5NMVCZpa,completed,x9z0oeGLYu36GQqAjte8kg,4,4,0,2024-07-22T06:13:39,2024-07-22T06:14:56,file-I4fg0WRX4mZnI6yJhOuLXrzN,file-4cEeWZrqqiSafW5XUyJYOpgh,96,24h,/v1/chat/completions,"{""user_token"": ""x9z0oeGLYu36GQqAjte8kg""}",0.0,4,0,0.0,0,0.048450558412714874,0.0,82.55838799476624
2024-07-22T06:44:16.291856,batch_jUGE3B7noEVxrSORaWPeOggh,validating,x9z0oeGLYu36GQqAjte8kg,0,0,0,2024-07-22T06:44:15,,file-jr2ZmFMTNts7p87qJD8lt7oz,,86,24h,/v1/chat/completions,"{""user_token"": ""x9z0oeGLYu36GQqAjte8kg""}",0.0,0,0,0,0,0.0,0,1.291855812072754
2024-07-22T06:44:31.739237,batch_jUGE3B7noEVxrSORaWPeOggh,in_progress,x9z0oeGLYu36GQqAjte8kg,10,5,0,2024-07-22T06:44:15,,file-jr2ZmFMTNts7p87qJD8lt7oz,,86,24h,/v1/chat/completions,"{""user_token"": ""x9z0oeGLYu36GQqAjte8kg""}",15.447381258010864,5,0,3.0894762516021728,0.3236794584458805,0.29869939586052013,16.739237070083618,16.739237070083618
2024-07-22T06:44:47.029617,batch_jUGE3B7noEVxrSORaWPeOggh,in_progress,x9z0oeGLYu36GQqAjte8kg,10,6,0,2024-07-22T06:44:15,,file-jr2ZmFMTNts7p87qJD8lt7oz,,86,24h,/v1/chat/completions,"{""user_token"": ""x9z0oeGLYu36GQqAjte8kg""}",15.290379762649536,1,0,15.290379762649536,0.06540059929987761,0.18732662433439443,21.35307788848877,32.029616832733154
2024-07-22T06:45:02.253227,batch_jUGE3B7noEVxrSORaWPeOggh,in_progress,x9z0oeGLYu36GQqAjte8kg,10,7,0,2024-07-22T06:44:15,,file-jr2ZmFMTNts7p87qJD8lt7oz,,86,24h,/v1/chat/completions,"{""user_token"": ""x9z0oeGLYu36GQqAjte8kg""}",15.223610162734985,1,0,15.223610162734985,0.0656874413697116,0.14813803088350644,20.251382998057775,47.25322699546814
2024-07-22T06:45:17.478233,batch_jUGE3B7noEVxrSORaWPeOggh,in_progress,x9z0oeGLYu36GQqAjte8kg,10,7,0,2024-07-22T06:44:15,,file-jr2ZmFMTNts7p87qJD8lt7oz,,86,24h,/v1/chat/completions,"{""user_token"": ""x9z0oeGLYu36GQqAjte8kg""}",15.225006103515625,0,0,0,0,0.11203901987608958,26.776385613850184,62.478233098983765
2024-07-22T06:45:32.972431,batch_jUGE3B7noEVxrSORaWPeOggh,in_progress,x9z0oeGLYu36GQqAjte8kg,10,7,0,2024-07-22T06:44:15,,file-jr2ZmFMTNts7p87qJD8lt7oz,,86,24h,/v1/chat/completions,"{""user_token"": ""x9z0oeGLYu36GQqAjte8kg""}",15.494198083877563,0,0,0,0,0.08977532050505858,33.41675622122629,77.97243118286133
2024-07-22T06:45:48.161853,batch_jUGE3B7noEVxrSORaWPeOggh,in_progress,x9z0oeGLYu36GQqAjte8kg,10,7,0,2024-07-22T06:44:15,,file-jr2ZmFMTNts7p87qJD8lt7oz,,86,24h,/v1/chat/completions,"{""user_token"": ""x9z0oeGLYu36GQqAjte8kg""}",15.189421653747559,0,0,0,0,0.07513805046660986,39.92650835854667,93.16185283660889
2024-07-22T06:46:03.384587,batch_jUGE3B7noEVxrSORaWPeOggh,in_progress,x9z0oeGLYu36GQqAjte8kg,10,7,0,2024-07-22T06:44:15,,file-jr2ZmFMTNts7p87qJD8lt7oz,,86,24h,/v1/chat/completions,"{""user_token"": ""x9z0oeGLYu36GQqAjte8kg""}",15.222734212875366,0,0,0,0,0.06458482880784579,46.450537306921824,108.38458704948425
2024-07-22T06:46:18.594259,batch_jUGE3B7noEVxrSORaWPeOggh,in_progress,x9z0oeGLYu36GQqAjte8kg,10,7,0,2024-07-22T06:44:15,,file-jr2ZmFMTNts7p87qJD8lt7oz,,86,24h,/v1/chat/completions,"{""user_token"": ""x9z0oeGLYu36GQqAjte8kg""}",15.209671974182129,0,0,0,0,0.0566369348810903,52.96896815299988,123.59425902366638
2024-07-22T06:46:33.786424,batch_jUGE3B7noEVxrSORaWPeOggh,in_progress,x9z0oeGLYu36GQqAjte8kg,10,7,0,2024-07-22T06:44:15,,file-jr2ZmFMTNts7p87qJD8lt7oz,,86,24h,/v1/chat/completions,"{""user_token"": ""x9z0oeGLYu36GQqAjte8kg""}",15.19216513633728,0,0,0,0,0.050437209852239304,59.479896068573,138.78642416000366
2024-07-22T06:46:49.025880,batch_jUGE3B7noEVxrSORaWPeOggh,in_progress,x9z0oeGLYu36GQqAjte8kg,10,7,0,2024-07-22T06:44:15,,file-jr2ZmFMTNts7p87qJD8lt7oz,,86,24h,/v1/chat/completions,"{""user_token"": ""x9z0oeGLYu36GQqAjte8kg""}",15.239455938339233,0,0,0,0,0.045446907984103835,66.01109147071838,154.0258800983429
2024-07-22T06:47:04.210660,batch_jUGE3B7noEVxrSORaWPeOggh,in_progress,x9z0oeGLYu36GQqAjte8kg,10,8,0,2024-07-22T06:44:15,,file-jr2ZmFMTNts7p87qJD8lt7oz,,86,24h,/v1/chat/completions,"{""user_token"": ""x9z0oeGLYu36GQqAjte8kg""}",15.18477988243103,1,0,15.18477988243103,0.06585541626171426,0.047278345234921824,42.30266499519348,169.21065998077393
2024-07-22T06:47:19.400547,batch_jUGE3B7noEVxrSORaWPeOggh,in_progress,x9z0oeGLYu36GQqAjte8kg,10,9,0,2024-07-22T06:44:15,,file-jr2ZmFMTNts7p87qJD8lt7oz,,86,24h,/v1/chat/completions,"{""user_token"": ""x9z0oeGLYu36GQqAjte8kg""}",15.189887046813965,1,0,15.189887046813965,0.06583327426452108,0.04880679664498785,20.488949669731987,184.4005470275879
2024-07-22T06:47:34.591807,batch_jUGE3B7noEVxrSORaWPeOggh,in_progress,x9z0oeGLYu36GQqAjte8kg,10,9,0,2024-07-22T06:44:15,,file-jr2ZmFMTNts7p87qJD8lt7oz,,86,24h,/v1/chat/completions,"{""user_token"": ""x9z0oeGLYu36GQqAjte8kg""}",15.191259860992432,0,0,0,0,0.04509203128274769,22.17686743206448,199.59180688858032
2024-07-22T06:47:49.806216,batch_jUGE3B7noEVxrSORaWPeOggh,in_progress,x9z0oeGLYu36GQqAjte8kg,10,9,0,2024-07-22T06:44:15,,file-jr2ZmFMTNts7p87qJD8lt7oz,,86,24h,/v1/chat/completions,"{""user_token"": ""x9z0oeGLYu36GQqAjte8kg""}",15.214409112930298,0,0,0,0,0.04189822886660183,23.867357333501182,214.80621600151062
2024-07-22T06:48:05.044400,batch_jUGE3B7noEVxrSORaWPeOggh,finalizing,x9z0oeGLYu36GQqAjte8kg,10,10,0,2024-07-22T06:44:15,,file-jr2ZmFMTNts7p87qJD8lt7oz,,86,24h,/v1/chat/completions,"{""user_token"": ""x9z0oeGLYu36GQqAjte8kg""}",15.238184213638306,1,0,15.238184213638306,0.065624616816549,0.04346986925414183,0.0,230.04440021514893
2024-07-22T06:48:20.355658,batch_jUGE3B7noEVxrSORaWPeOggh,completed,x9z0oeGLYu36GQqAjte8kg,10,10,0,2024-07-22T06:44:15,2024-07-22T06:48:05,file-jr2ZmFMTNts7p87qJD8lt7oz,file-F1vLjqKgWq2J2gsXKS775dyF,86,24h,/v1/chat/completions,"{""user_token"": ""x9z0oeGLYu36GQqAjte8kg""}",15.31125783920288,0,0,0,0,0.040757160765311454,0.0,245.3556580543518
2024-07-22T06:50:05.476244,batch_hKX6XJdmXdHilQLywjXbA96G,validating,x9z0oeGLYu36GQqAjte8kg,0,0,0,2024-07-22T06:50:05,,file-jdjnVsvydDaYplZnmbCYjhvP,,76,24h,/v1/chat/completions,"{""user_token"": ""x9z0oeGLYu36GQqAjte8kg""}",0.0,0,0,0,0,0.0,0,0.4762439727783203
2024-07-22T06:50:20.745410,batch_hKX6XJdmXdHilQLywjXbA96G,in_progress,x9z0oeGLYu36GQqAjte8kg,10,7,0,2024-07-22T06:50:05,,file-jdjnVsvydDaYplZnmbCYjhvP,,76,24h,/v1/chat/completions,"{""user_token"": ""x9z0oeGLYu36GQqAjte8kg""}",15.269165992736816,7,0,2.1813094275338307,0.4584402319897325,0.44457400698559607,6.74803284236363,15.745409965515137
2024-07-22T07:33:10.512557,batch_hKX6XJdmXdHilQLywjXbA96G,completed,x9z0oeGLYu36GQqAjte8kg,10,10,0,2024-07-22T06:50:05,2024-07-22T07:17:26,file-jdjnVsvydDaYplZnmbCYjhvP,file-3smYvz47RvxBVFjWDlIsw5Lo,76,24h,/v1/chat/completions,"{""user_token"": ""x9z0oeGLYu36GQqAjte8kg""}",0.0,10,0,0.0,0,0.0038677050601866546,0.0,2585.512557029724
2024-07-22T09:15:42.329914,batch_vumOCawa0JFp3WRTpOGBP4Du,validating,x9z0oeGLYu36GQqAjte8kg,0,0,0,2024-07-22T09:15:41,,file-cz93OYSnSjLRWaZHSZ6nMW6F,,72,24h,/v1/chat/completions,"{""user_token"": ""x9z0oeGLYu36GQqAjte8kg""}",0.0,0,0,0,0,0.0,0,1.3299140930175781
2024-07-22T09:15:57.606756,batch_vumOCawa0JFp3WRTpOGBP4Du,completed,x9z0oeGLYu36GQqAjte8kg,4,4,0,2024-07-22T09:15:41,2024-07-22T09:15:55,file-cz93OYSnSjLRWaZHSZ6nMW6F,file-73vn5qCRxX9PoCZQRHUtivcf,72,24h,/v1/chat/completions,"{""user_token"": ""x9z0oeGLYu36GQqAjte8kg""}",15.27684211730957,4,0,3.8192105293273926,0.2618342173915486,0.24086582288192698,0.0,16.60675621032715
2024-07-22T09:30:39.726760,batch_K5s13nUFbVj9qi3NWAcBb947,validating,x9z0oeGLYu36GQqAjte8kg,0,0,0,2024-07-22T09:30:39,,file-uFkX5XJd5qHaWN3kk1Vdii00,,68,24h,/v1/chat/completions,"{""user_token"": ""x9z0oeGLYu36GQqAjte8kg""}",0.0,0,0,0,0,0.0,0,0.7267599105834961
2024-07-22T09:30:55.007759,batch_K5s13nUFbVj9qi3NWAcBb947,finalizing,x9z0oeGLYu36GQqAjte8kg,4,4,0,2024-07-22T09:30:39,,file-uFkX5XJd5qHaWN3kk1Vdii00,,68,24h,/v1/chat/completions,"{""user_token"": ""x9z0oeGLYu36GQqAjte8kg""}",15.280999183654785,4,0,3.8202497959136963,0.261762987611345,0.24987882291655247,0.0,16.00775909423828
2024-07-22T09:31:10.218125,batch_K5s13nUFbVj9qi3NWAcBb947,completed,x9z0oeGLYu36GQqAjte8kg,4,4,0,2024-07-22T09:30:39,2024-07-22T09:30:58,file-uFkX5XJd5qHaWN3kk1Vdii00,file-tcebLqzifip2MpvsYWhKfnx0,68,24h,/v1/chat/completions,"{""user_token"": ""x9z0oeGLYu36GQqAjte8kg""}",15.210366010665894,0,0,0,0,0.12813069287660792,0.0,31.218125104904175
2024-07-22T09:34:54.041369,batch_MZG0NnGUmCPzGVIlWFjTe6vX,validating,x9z0oeGLYu36GQqAjte8kg,0,0,0,2024-07-22T09:34:53,,file-dz0MAVQDECbyJBdI5fbkUbOZ,,64,24h,/v1/chat/completions,"{""user_token"": ""x9z0oeGLYu36GQqAjte8kg""}",0.0,0,0,0,0,0.0,0,1.0413691997528076
2024-07-22T09:35:09.224984,batch_MZG0NnGUmCPzGVIlWFjTe6vX,in_progress,x9z0oeGLYu36GQqAjte8kg,4,3,0,2024-07-22T09:34:53,,file-dz0MAVQDECbyJBdI5fbkUbOZ,,64,24h,/v1/chat/completions,"{""user_token"": ""x9z0oeGLYu36GQqAjte8kg""}",15.18361496925354,3,0,5.06120498975118,0.19758140640914096,0.18490002632672684,5.408328056335449,16.224984169006348
2024-07-22T09:35:24.467944,batch_MZG0NnGUmCPzGVIlWFjTe6vX,in_progress,x9z0oeGLYu36GQqAjte8kg,4,3,0,2024-07-22T09:34:53,,file-dz0MAVQDECbyJBdI5fbkUbOZ,,64,24h,/v1/chat/completions,"{""user_token"": ""x9z0oeGLYu36GQqAjte8kg""}",15.24295973777771,0,0,0,0,0.0953351133740022,10.489314635594686,31.467943906784058
2024-07-22T09:35:42.815742,batch_MZG0NnGUmCPzGVIlWFjTe6vX,in_progress,x9z0oeGLYu36GQqAjte8kg,4,3,0,2024-07-22T09:34:53,,file-dz0MAVQDECbyJBdI5fbkUbOZ,,64,24h,/v1/chat/completions,"{""user_token"": ""x9z0oeGLYu36GQqAjte8kg""}",18.347798109054565,0,0,0,0,0.060221927418970644,16.605247338612873,49.81574201583862
2024-07-22T09:35:57.998477,batch_MZG0NnGUmCPzGVIlWFjTe6vX,in_progress,x9z0oeGLYu36GQqAjte8kg,4,3,0,2024-07-22T09:34:53,,file-dz0MAVQDECbyJBdI5fbkUbOZ,,64,24h,/v1/chat/completions,"{""user_token"": ""x9z0oeGLYu36GQqAjte8kg""}",15.182734966278076,0,0,0,0,0.04615492761200239,21.6661589940389,64.9984769821167
2024-07-22T09:36:13.279690,batch_MZG0NnGUmCPzGVIlWFjTe6vX,completed,x9z0oeGLYu36GQqAjte8kg,4,4,0,2024-07-22T09:34:53,2024-07-22T09:36:02,file-dz0MAVQDECbyJBdI5fbkUbOZ,file-sYS5tr4xyPcoCUHfm1Hf1HJ9,64,24h,/v1/chat/completions,"{""user_token"": ""x9z0oeGLYu36GQqAjte8kg""}",15.28121304512024,1,0,15.28121304512024,0.06543983105577673,0.04982580274840246,0.0,80.27969002723694
2024-07-22T10:53:34.196359,batch_agkgym3xc6zUycSO8FGwdx5g,validating,x9z0oeGLYu36GQqAjte8kg,0,0,0,2024-07-22T10:53:33,,file-lwSAAczY3x1mMpw4u5iwzGOq,,62,24h,/v1/chat/completions,"{""user_token"": ""x9z0oeGLYu36GQqAjte8kg""}",0.0,0,0,0,0,0.0,0,1.1963589191436768
2024-07-22T10:53:49.387234,batch_agkgym3xc6zUycSO8FGwdx5g,failed,x9z0oeGLYu36GQqAjte8kg,0,0,0,2024-07-22T10:53:33,,file-lwSAAczY3x1mMpw4u5iwzGOq,,62,24h,/v1/chat/completions,"{""user_token"": ""x9z0oeGLYu36GQqAjte8kg""}",15.190875053405762,0,0,0,0,0.0,0,16.38723397254944
2024-07-22T10:55:55.651913,batch_agkgym3xc6zUycSO8FGwdx5g,failed,x9z0oeGLYu36GQqAjte8kg,0,0,0,2024-07-22T10:53:33,,file-lwSAAczY3x1mMpw4u5iwzGOq,,62,24h,/v1/chat/completions,"{""user_token"": ""x9z0oeGLYu36GQqAjte8kg""}",0.0,0,0,0,0,0.0,0,142.65191292762756
